x,y,is_in
-0.3426707815,-0.3772189281,1
-2.189994391,-3.914946263,0
-0.08720617337,-3.781910587,0
2.124552073,-2.6047528,0
3.807756423,-3.584952788,0
-2.850249571,-3.258659343,0
2.121291503,2.670491177,0
3.360500242,-0.3315692222,0
-2.874588494,-3.799520863,0
2.534798088,-2.603177432,0
2.867163344,-3.035394953,0
3.776985561,-3.118760631,0
-0.2633897542,0.6914770048,1
1.170649243,-0.6828844387,1
-0.1985833516,-0.8642201653,1
0.1864373354,-3.426156066,0
1.749757686,3.414972068,0
2.014895273,0.6009125981,1
-2.243930423,3.851696917,0
-1.970028292,2.312011618,0
-3.667141461,0.3479937086,0
-1.158315997,3.468445086,0
-0.9545952678,-0.3340616497,1
-0.2818782402,3.945651602,0
3.258837738,0.4379801574,0
2.024057871,2.389340418,0
-1.102245906,-2.74445991,0
1.837510908,-1.810216791,0
0.1913802719,-2.612040934,1
-1.206801212,-0.9117987035,1
3.841301962,-1.207809343,0
-3.185464614,2.367044699,0
3.898053143,-3.061712943,0
-2.289827127,3.880302899,0
-3.593546925,1.073293464,0
-3.771317837,-1.810089105,0
-0.2584582925,-0.02179983422,1
-1.687663327,3.453860119,0
2.296380168,2.765677848,0
3.819670309,3.749858813,0
-2.78610547,1.171989576,0
1.373122698,3.129384921,0
0.2164218438,-2.908696958,0
2.3341707,-3.580221275,0
-0.05727144269,-0.6138190884,1
-1.059510316,-1.209288618,1
-2.157930596,3.510865095,0
3.709416447,-2.835005112,0
0.5124148061,2.05565463,1
0.2958800613,-3.903666359,0
3.944339417,-2.562224317,0
-1.307419758,-2.202685932,1
3.607322615,0.7282097729,0
0.2020974583,-3.756240654,0
0.4803951675,-0.258453016,1
-2.153638529,-1.004404651,1
1.39826813,3.378638084,0
3.28507113,0.4736485123,0
-0.5036597308,3.776177474,0
0.9927807117,-3.54461599,0
-3.242632359,-1.315068815,0
-0.8789580399,-2.335434681,1
1.978169142,-1.104300646,1
2.498749593,1.319223396,0
0.8005672797,-1.689186158,1
0.5772655488,-1.216761821,1
-0.6740732423,-0.1043966956,1
3.408541146,-2.921679886,0
-2.578822588,-0.659646384,1
1.180891117,-3.380718994,0
0.9151844104,-0.4545695735,1
2.279850427,-1.574704978,0
0.8918044515,-1.638038085,1
-0.2327639167,3.147393995,0
1.249009839,-1.64562969,1
2.681697962,0.07682277367,0
-2.723864946,-0.6993379082,0
2.385239753,2.024124367,0
1.492664093,3.938278785,0
-1.336011089,1.374017742,1
-3.693908911,0.9490673308,0
-1.585557296,-1.859670904,1
0.7223276326,3.833082649,0
0.1101075727,1.507493796,1
3.543934008,3.249065391,0
0.07439824302,-2.185454734,1
0.008213817446,0.3261074748,1
-2.264515768,0.5030802771,1
-2.937036968,-2.272220368,0
3.983988447,0.1265345946,0
-2.508504868,-2.146579779,0
-1.403364074,-3.356752313,0
-1.455489821,3.092929578,0
-3.845322096,2.054334175,0
-1.096471163,0.737849228,1
-0.6732502496,-2.211651799,1
1.60300187,-0.1557179713,1
-2.221701633,1.492202742,0
1.514930146,3.518899097,0
-2.084569775,2.100852704,0
-3.685084584,3.85944528,0
-1.603474116,-1.109078611,1
2.291104105,-2.147654174,0
3.701803241,0.9648121168,0
0.3415233834,2.263819883,1
-2.484229726,2.175964163,0
-2.930089143,2.93385549,0
1.35172915,1.431850068,1
1.699382313,-0.5039180097,1
3.457756361,-1.236882303,0
-3.133800978,2.627537504,0
-2.058563711,1.314040918,1
-3.853418732,3.332141711,0
-0.7873501638,-3.094804996,0
1.947009549,1.956901209,0
0.8714558299,1.083102819,1
-0.6831687602,3.732075312,0
3.288129077,-3.732453471,0
-3.889694655,-1.657751079,0
-1.813705641,-0.9756120307,1
-1.85246099,-2.273902443,0
-2.975622994,-3.455862999,0
0.639157817,2.945102977,0
-2.023152796,1.633222406,1
-2.18793214,3.157200605,0
2.571526968,-2.9099825,0
3.692369903,0.7068225343,0
1.894117746,-1.969797791,0
3.280456242,-1.050350836,0
1.702654971,3.960086255,0
-3.568410918,0.1451333542,0
-0.5956320013,3.211125393,0
-3.203078349,-2.325917302,0
-3.138019718,-0.5919081976,0
1.97402009,-0.3011491485,1
2.267391419,-1.763708517,0
-2.023456897,-2.468459327,0
-3.675507631,2.813897942,0
-2.701090046,2.387645254,0
0.8211595913,-1.997031217,1
1.887578006,-0.5197119553,1
-0.9302112342,1.171088231,1
1.52504454,0.7802550013,1
3.007655917,-0.9661079238,0
-1.600070156,3.080877796,0
1.94946856,3.681056125,0
0.5155518116,1.741118675,1
-2.323724641,0.7537131876,1
-0.7556514517,-0.2635446375,1
3.953991282,2.663781054,0
-2.444623097,1.151961986,1
-2.447272021,-1.985609743,0
-2.358996424,0.3568685212,1
3.861470044,1.909562531,0
2.885849917,0.7814299021,0
0.3629495163,2.169566697,1
3.020136473,2.076708443,0
-1.722566582,-0.2399605678,1
1.169833753,2.702428836,0
-1.046918182,2.787048675,0
2.271560891,3.508973598,0
3.051151445,-0.3791112636,0
1.500001963,-2.866606577,0
0.8481521688,-3.872443768,0
3.123839205,0.1176059279,0
-1.719317015,-2.727342269,0
3.351855795,-2.693734864,0
0.5436395112,3.806985743,0
-1.33197226,2.643716845,0
3.595367527,-1.739752769,0
-0.0778441792,1.940526983,1
-0.07432068041,1.59847845,1
2.704946934,2.12187621,0
2.131041656,1.805627805,0
3.58250419,-1.870797682,0
-2.432777048,2.11966104,0
3.508994258,-1.125593107,0
-3.410171218,-1.89757222,0
-3.283124302,2.919288773,0
-1.750972723,2.189479209,0
0.7655781764,-0.02681389082,1
3.002906857,3.515102548,0
-2.999040105,0.5956611327,0
1.905914551,3.92811144,0
2.853317648,-1.98998345,0
3.291229265,3.119449722,0
-0.7797623935,0.6540373603,1
0.3003038246,0.2125120371,1
1.306210739,-2.381803806,0
2.445728414,-1.814699594,0
0.01277731391,-1.324832456,1
0.07657967981,-0.1108058065,1
2.205040673,3.039475033,0
2.125097831,-0.383718306,1
3.461803063,0.7889648351,0
2.451423179,0.1849264623,1
-3.588649619,0.1321508677,0
-2.304184915,-0.9743983557,1
-3.747858952,0.1438641062,0
-1.353202612,-2.954918294,0
3.97137566,-0.4323810398,0
-1.784379798,-0.9591222025,1
3.143722804,-1.226748775,0
2.273836065,2.668433025,0
0.6813941728,2.564252678,0
-1.411761969,-2.404913528,0
-1.195621831,2.477372014,1
-0.772547078,-2.7037382,0
2.720007136,2.359053581,0
0.09368642779,-2.625221325,1
-3.416781336,3.815693581,0
-3.746953831,3.352699687,0
0.4169331592,3.719073575,0
3.725081544,3.260763625,0
2.594972606,-2.968752275,0
3.198239478,2.322291014,0
2.641958412,1.146174257,0
-1.760591648,1.510530971,1
2.524694037,-1.294944201,0
-0.9358395567,2.289825338,1
2.961746637,0.03024917377,0
3.556291357,-3.404259239,0
2.851334475,-0.8347105838,0
-3.677679503,-1.143448923,0
-0.3737232918,-2.14240145,1
2.115361117,3.022171682,0
1.727723984,-1.847607819,1
-0.4352746151,-1.814056863,1
-2.389260974,-3.317289897,0
0.02937232915,2.123586854,1
1.543573522,-0.03205945254,1
1.406401916,0.2212621508,1
0.352782809,1.423257774,1
2.346798028,-2.264970263,0
3.237174031,2.311593954,0
2.661097919,0.6562029154,0
1.489067282,3.139697534,0
2.464180553,-0.1848649494,1
-2.289474619,1.237040154,1
1.162464545,-1.971004143,1
0.8091386954,0.3123986858,1
-1.294914518,-0.4989064884,1
-3.758302401,-3.865593319,0
-3.795397645,-0.6506189695,0
-2.191291048,-1.769186679,0
1.309066727,-3.256022225,0
-0.4227172623,1.373171966,1
-0.5725930063,-0.04305429742,1
0.6384807648,-1.039253395,1
-3.449386232,-1.413804493,0
-1.573137287,3.216172375,0
-3.92627935,-1.151628892,0
-0.0912763661,3.957357385,0
3.434614473,-1.693097888,0
2.370479824,1.841861183,0
2.896848191,3.500200233,0
3.723869035,-1.75692323,0
-3.608572105,1.075262215,0
-2.270842726,-3.211456408,0
-3.401429721,-1.747197523,0
-3.51454616,1.171197362,0
-1.378772363,-3.584481941,0
-2.26241823,1.860867629,0
3.529340217,-2.389731286,0
-2.584195698,2.147447297,0
3.213832996,-0.2981186981,0
2.397123369,0.5154195632,1
-0.5160844411,-3.649962244,0
-0.5810815619,-1.716574059,1
0.8968149635,-1.934672768,1
2.676426232,-1.031171667,0
3.777242098,-1.874886551,0
0.8090597648,-1.192658071,1
-3.758779456,0.5084353984,0
0.2658709089,1.748355155,1
0.3869641644,1.280799199,1
1.601647472,-1.840947829,1
-1.619177564,-0.3115175777,1
1.881270099,-0.8685041848,1
0.8005023647,-3.103066915,0
2.475080829,2.047972303,0
1.777369043,-0.2569486677,1
-1.848780893,-2.102306027,0
-1.69380013,1.605674601,1
-1.82379246,2.353977674,0
-0.7091370906,-1.303509213,1
3.411590268,2.041825677,0
-0.1803974806,2.523952644,1
2.056199649,1.602991558,0
-2.209533434,-0.6003836963,1
2.269718055,2.575671323,0
-1.062500734,1.678751004,1
2.587669573,1.85050842,0
3.768193758,-0.380894141,0
1.589887445,1.270161723,1
0.7639112893,0.5924648125,1
-3.872082294,0.1578670428,0
-3.105894846,-0.1928889067,0
2.590798728,0.1677428281,1
1.153784728,2.234628735,1
-1.142732699,1.447652451,1
-2.821707309,-1.754337933,0
3.034744634,0.9207671489,0
0.3716974632,-0.6646225717,1
-1.264496234,-2.623836469,0
0.3814992885,-2.325491837,1
2.027301113,-0.5116168418,1
-2.235538786,1.095062514,1
-2.516502049,-1.037549077,1
-1.4572201,1.175101193,1
1.735388963,-3.54904501,0
-2.101945642,0.6135127331,1
-2.988841942,-0.9350130873,0
-2.030823646,3.997487664,0
-2.629366615,3.177609289,0
-0.2891100542,2.901483674,0
-3.623087318,2.398596507,0
-0.2410609794,-3.819060149,0
-0.9259924789,-2.690933841,0
2.586983515,2.125912908,0
0.2779940194,3.635837672,0
-2.093610298,2.233219269,0
-3.12319313,-0.5055241913,0
-1.145854598,-3.220350688,0
2.234850993,2.238584308,0
1.263085604,-1.202572522,1
-1.297932081,3.047543934,0
3.063889441,2.755397275,0
-0.9529148359,0.01712431236,1
2.106504088,1.149460041,1
1.409603246,-2.836208159,0
2.511308757,-1.157328818,0
-2.2376362,2.015651056,0
-0.2059677051,-1.466853029,1
-3.823108791,-1.432642427,0
-3.195266606,0.9556246698,0
-3.686171037,-2.825412128,0
2.956604961,2.754218821,0
-1.952882293,-2.067687581,0
2.896546035,2.438674143,0
-1.854419562,-3.678253387,0
1.912903064,-1.881693679,0
1.264730456,-3.849977818,0
3.838097856,2.085909299,0
3.559877734,3.395885381,0
0.4615787228,3.712238243,0
1.057933154,3.490651317,0
2.623221661,1.049332118,0
-1.816235421,3.4077923,0
2.935544072,-2.808028476,0
-3.183398547,1.93346758,0
-1.163587853,-3.399958748,0
-0.1331156875,3.495584293,0
0.3789167919,-1.3454589,1
1.153172559,3.417166905,0
3.423296345,2.745533736,0
-2.513685862,-2.46752606,0
0.9337824901,-2.1645095,1
-3.876881201,2.488003697,0
1.752585973,0.9953592031,1
-1.45168457,0.09681710238,1
-3.999507439,3.787294725,0
-2.079320633,-3.199929733,0
3.240261466,-2.893572559,0
-2.859050129,-3.784179844,0
-2.538216912,-0.6416400879,0
2.654585472,-2.851365515,0
1.15830514,-0.5716708253,1
-0.2944179444,3.145845273,0
2.237559256,1.206240783,1
-3.652421142,-1.80599317,0
0.8518572799,-2.491905512,0
-0.7406517343,-0.4461847119,1
2.663752515,-0.2572189111,1
-1.907414661,-0.2400311217,1
2.440236748,1.902875386,0
1.11473361,-2.184215871,1
-3.334776675,2.322943001,0
2.337465768,-3.432640035,0
1.178827188,3.688100864,0
2.806462771,0.7502983754,0
0.4192409197,-0.8468403678,1
-1.440668436,-0.5100202225,1
-0.9896060155,-3.062283945,0
1.849971562,2.955738486,0
0.1826371351,-1.190901393,1
-1.87152638,-2.103472707,0
0.4359571088,3.492179235,0
-0.8802102506,1.022396311,1
-0.8177086325,2.91679497,0
-3.048983512,0.3688603701,0
2.686912194,2.618952981,0
-0.9497720452,-1.758403792,1
3.945167454,3.465169181,0
0.5184703234,-3.936580131,0
-3.718350853,-1.290711438,0
-3.475177223,-3.964256734,0
0.1706872374,-0.6179882443,1
3.281417672,-2.790771544,0
-0.5985158696,-2.055835391,1
-3.764940588,-3.81526559,0
3.224784153,1.419575551,0
2.803634693,-1.287566277,0
-1.877718581,1.901303493,1
1.452949823,-0.9742656762,1
-3.438453068,2.059982653,0
-3.057993669,3.563928279,0
2.389705409,-1.635746739,0
3.576110227,1.154884128,0
0.8549232703,2.064710833,1
3.336660895,-3.276855396,0
-1.27239732,1.133581841,1
-2.531957397,-0.2389354812,1
-0.6504836324,-0.5435072059,1
-1.215189845,1.377679986,1
1.020581231,-2.570703595,0
-3.469611168,-0.4265933204,0
-3.083928664,0.136018441,0
-2.389157904,-0.0450250321,1
-1.686588237,3.512661708,0
-2.3920147,0.5058028279,1
-0.4761914761,1.999895634,1
0.9342804042,3.988826407,0
-2.578558121,2.444651879,0
1.241613076,-0.5667720485,1
-0.6816760497,0.3403879218,1
-3.223717514,-0.0799169469,0
-1.752226831,-1.562662538,1
-0.5526033337,0.1362527319,1
2.220342137,1.471508757,1
-1.765587543,2.137428752,0
-2.945481055,2.043566156,0
-2.884129637,3.301685222,0
3.937165097,-2.059884733,0
1.494489406,2.040726608,1
3.537016004,3.469363691,0
2.287792033,-0.4311546224,1
-1.494773638,-3.655295812,0
-0.7626297677,-3.364042346,0
-2.598567875,1.582538024,0
0.9778453815,0.9625329222,1
-1.041279148,1.698682276,1
-1.962407231,0.1473463865,1
3.247770409,-2.269960513,0
-0.1185618901,-0.3446795293,1
-1.554155973,-1.561063545,1
0.6398644573,3.358834903,0
-3.088164744,0.2656849168,0
3.213862373,-2.146642174,0
2.090734856,3.594599421,0
-2.46155477,-0.1263752038,1
-3.978713043,-2.271079297,0
0.09514729212,-3.298559483,0
3.125782753,2.294964696,0
-0.9264640451,-1.792930272,1
0.3724732708,1.90436336,1
-3.692003477,1.454656824,0
-2.704483236,1.709567922,0
-2.702151066,-0.3952343023,1
1.836292732,-3.469088952,0
-3.07973381,-1.234508907,0
3.259862802,-3.322484083,0
-3.844409225,3.704245173,0
-1.147100587,1.218293948,1
2.177499811,1.786821625,0
-0.2988874643,0.6972057807,1
1.055163891,-0.364751939,1
3.176632015,1.167982329,0
-1.764897815,-0.107183945,1
-1.934486511,3.61163777,0
2.70594127,0.8801007287,0
0.3841013528,1.584440097,1
-1.286207143,0.171287048,1
-0.6530508503,-3.761408371,0
-2.871456829,0.1923008501,0
0.7599419023,-2.798225811,0
-1.273955541,3.44263802,0
-1.953253746,-3.641005294,0
2.037099624,0.09796337581,1
-2.473710719,2.139889272,0
-0.06472455891,-1.587914112,1
0.4201998037,-0.1091251022,1
3.33104787,-1.018648101,0
2.98361321,-0.6566780847,0
-2.626375579,3.663413583,0
1.346977241,-2.259645283,0
2.223076582,-1.517724475,0
-0.01790732903,-1.855009132,1
2.158201212,-1.445932682,1
-1.360876565,2.735201935,0
1.568890549,0.9096985671,1
2.244287059,-2.963836925,0
0.9097681242,-3.327025499,0
-0.6730549813,-1.789481779,1
-2.746467945,1.602471235,0
-1.588582114,0.5129948619,1
-1.408130329,1.37402317,1
-2.560374007,2.230208663,0
3.028058151,-1.355348669,0
1.287135881,-2.090926239,1
-3.347509358,-2.000296844,0
-2.976022433,-0.9080635359,0
2.979432918,1.069450453,0
-0.3957838728,2.412446786,1
2.76438507,1.760975077,0
-2.378704544,2.67732993,0
-1.144436501,-3.337599578,0
2.741179902,-1.995316268,0
0.124281131,-2.159006757,1
-3.851142449,0.3732739231,0
-0.2435394385,1.700899125,1
3.167410616,-1.151413825,0
-0.8147696469,-2.858128122,0
1.109157474,-2.295824853,1
1.241575728,1.443854105,1
-3.003111271,-2.309780887,0
-3.139570664,3.195246913,0
2.276532672,2.479160118,0
-0.3075738056,1.911709761,1
-0.1177646898,-0.8700030484,1
-2.349091047,3.108947463,0
-0.5125939041,1.172219707,1
-2.19132035,-1.526298852,0
1.582318208,0.1566262021,1
-0.1864557918,-1.976344907,1
-0.1130731531,-2.582616541,1
2.404937593,0.9857465506,1
1.888232321,-1.873235183,1
1.599902853,0.4049879317,1
-0.03864504746,2.915063973,0
-3.785486252,2.698944121,0
-0.8059672846,3.41232235,0
-2.239486796,-1.401985357,0
0.9120964652,-1.290222975,1
-2.804429296,-3.114788908,0
-3.149839617,2.226386374,0
-1.07680533,3.422759613,0
-0.5961369422,-0.2864926315,1
1.874037339,-0.8968430412,1
-0.4609388049,-1.322173915,1
-3.881847246,-0.8091705078,0
2.445985725,1.513044888,0
3.546794862,-3.746146864,0
0.2640636432,-0.1063177624,1
-2.363389549,2.374846872,0
3.14248163,-2.086309499,0
-2.292322752,0.05271431682,1
-3.855859125,-1.912482584,0
1.573801742,-2.736052422,0
3.273029291,-1.664219505,0
-0.1520975297,-3.729718963,0
-1.941250408,0.7409654681,1
2.821224687,-2.709849518,0
3.143574823,-1.90544817,0
-3.178397784,0.07124360375,0
-0.711506557,-3.395224841,0
3.937103781,1.311982921,0
-1.128147818,1.757925672,1
0.2561919589,-3.992381008,0
-2.351071439,-2.985287346,0
1.238084288,-0.006704336551,1
0.2496621519,-1.809147784,1
1.026376511,2.698550014,0
0.2163880384,-0.9432555612,1
2.619233876,-1.483227177,0
-3.449681609,3.55892264,0
-2.400345668,0.9557612902,1
-0.4037381034,-0.5950110885,1
-1.976501682,2.223200396,0
-2.87376611,-2.521984983,0
-3.899756577,0.090264429,0
3.78573912,-2.805017063,0
-0.8541863448,-2.630880661,0
-1.631824297,1.660805054,1
-3.772584828,2.362475719,0
0.03457139759,-2.91612225,0
-0.1288565895,-1.95294565,1
2.574289908,1.82503297,0
-3.296713665,-3.985537568,0
-3.29101067,-0.3117643604,0
-0.8902295398,-1.585931965,1
-2.496450759,-3.707517219,0
0.7141785122,3.049603552,0
0.01545838206,-2.120835944,1
1.107236823,-1.274042451,1
1.864849465,0.6216913667,1
3.848719912,-3.098491236,0
0.5425272701,3.95358838,0
-3.029614034,-3.724031016,0
3.71953256,2.781466719,0
-3.675073675,3.360607133,0
-0.06941686909,2.48952059,1
-0.9349750381,-3.811531048,0
1.75168596,-0.2136419984,1
3.837558928,1.603371481,0
0.5808908364,0.7322514322,1
-0.895212823,-1.880424096,1
3.587125428,2.37928474,0
-0.8538790933,-1.104284013,1
-0.8331455683,0.6474500106,1
3.164838108,1.268315762,0
-3.181468549,-2.739411387,0
3.562917187,-1.481339559,0
-0.187994504,0.3162207524,1
-1.481871364,-2.296572026,0
3.120771355,2.526841084,0
-0.2103381765,3.690919682,0
-0.8492209126,-0.8637711786,1
-3.894036494,-3.137487566,0
1.81700692,-2.603200448,0
3.090184511,-3.260361163,0
1.089707979,-0.6679319222,1
0.6187164716,-1.818231473,1
-1.517260006,3.965964262,0
2.575845492,2.497058793,0
1.938221882,-2.432893366,0
-0.4234181095,0.1661403424,1
0.6515225771,2.645256817,1
0.4193330916,-0.1225444344,1
2.679804822,0.9881112294,0
1.464322124,2.811247692,0
2.412609465,2.103398589,0
-3.898419118,1.815263426,0
-1.494174667,-2.176991249,1
-1.111977228,-1.859962735,1
0.6674030174,2.946631226,0
-2.664397326,1.221851845,0
-1.664084181,3.691211951,0
-2.114059398,-1.281338528,1
0.03809555922,0.0334863948,1
-2.899893129,-0.6550105805,0
-1.099659618,-0.9250071126,1
2.939584928,2.367646285,0
-1.101517208,1.23636975,1
1.25481439,0.8915905367,1
-0.9386460942,2.939454009,0
-1.104763491,0.8859745007,1
-2.276521828,-3.374208463,0
-0.5015348524,-2.499097428,1
-1.597883908,-3.722290576,0
-2.079826213,-0.5427232341,1
-3.069573327,3.467134031,0
3.969563949,-0.3681437269,0
-0.2867118634,-2.603052015,1
1.781934439,1.50887915,1
2.611875673,3.083913959,0
-1.421024559,-3.345140846,0
-0.140999712,2.050116172,1
3.153005654,-0.8539762602,0
3.036021545,-0.4444458416,0
0.2025431124,-2.085119253,1
-0.3945564011,0.05701793542,1
2.307399059,-0.1148611163,1
-3.482382136,-0.6182530613,0
-1.849033199,1.759236107,1
-1.65309978,1.847696159,1
-0.5103733814,0.2615979327,1
2.238690549,3.659550316,0
-1.126759058,-0.9999609374,1
-3.734413699,1.400014373,0
-1.599342646,1.988968223,1
1.824965069,-0.01657581595,1
-1.36098954,-1.992142546,1
-3.686746669,2.332430548,0
-1.340500059,0.6983164137,1
-3.039518619,0.1924697223,0
-2.015727272,0.609668703,1
1.504041687,1.452007745,1
-3.236887875,0.887695392,0
3.049425264,0.2532092219,0
-2.006091837,-2.809231056,0
-0.6403416511,-1.153225576,1
3.981408873,3.563502689,0
-1.089224624,3.980290113,0
0.03358968896,1.876862315,1
2.949500129,-2.349390344,0
1.788196526,-0.8430370918,1
1.717920306,0.9615764284,1
-0.6673161664,2.39910944,1
0.8199160091,1.897886536,1
-1.157074321,-2.349452283,1
-1.128028898,-3.031860131,0
2.858814927,-1.778518129,0
-3.79164333,1.424174873,0
0.202220449,0.4507113028,1
-3.775952259,-1.706267373,0
-2.786170577,-3.263668161,0
-2.710269722,0.5583639006,0
-2.645802566,-3.605119866,0
-0.9616110535,1.882384662,1
-1.180038964,2.810646315,0
-1.196164081,-1.609370712,1
-3.167341257,3.382198913,0
0.3146912226,-3.233169659,0
-3.545945583,-0.3079800644,0
-0.7356798377,-1.310271038,1
1.582298242,-2.530902184,0
2.564649155,3.254530898,0
1.226775033,-0.7400586306,1
-0.9488472068,1.082179546,1
-1.089870861,0.8723067954,1
-0.1357707036,0.4621237079,1
-0.6072111711,-3.165446974,0
3.040191128,-2.105078193,0
-0.2276026833,-0.8264918221,1
0.9797731997,-3.786806599,0
-1.083037868,-3.768397634,0
3.024956941,1.102150893,0
0.3103136209,-1.878622039,1
-2.407409722,3.978313315,0
3.510691367,-1.521130045,0
-3.962683732,3.106046032,0
-2.038005232,3.778330462,0
2.123256354,-2.549617207,0
-2.108460781,-3.414080326,0
0.7753142381,-2.379798035,1
3.142070354,0.3608438436,0
1.383406615,-1.487665523,1
-2.691589719,-3.014421735,0
-2.302021067,0.7136176035,1
-0.6055277791,3.973806052,0
-0.740636094,-1.231643036,1
-1.086432889,-0.2578836721,1
2.948471938,1.112171857,0
-3.912013734,3.540882616,0
-2.14148527,2.473836949,0
0.3518483797,2.347662719,1
-3.881475726,-2.856431169,0
0.1382105214,-1.41552928,1
0.02589967012,-2.386710694,1
1.976510712,-2.09505083,0
-3.031340151,1.250802985,0
2.903622209,-0.889633615,0
2.865054757,0.03960421726,0
3.390182794,1.721041646,0
2.570271476,-0.2117443519,1
-0.6824757819,-2.296164272,1
3.873697499,1.00200411,0
2.548479555,0.8132817271,0
1.937175617,1.853594904,0
-3.518301023,-1.954659739,0
2.531416339,1.054166259,1
2.452887318,2.5552189,0
0.06583597094,0.1977189527,1
0.3616623979,3.405730689,0
2.653084989,-2.751972542,0
2.498595649,-2.333119685,0
3.40500702,3.79403626,0
3.887474949,1.282288968,0
0.5482826851,-2.317147696,1
2.83200951,0.9802862431,0
-3.872887348,-2.562550175,0
-2.321875099,2.188554331,0
1.0035699,3.893205612,0
-3.388257526,-1.112317261,0
-0.8247627398,2.782464925,0
1.771564777,-2.28756238,0
-2.668977518,3.223536116,0
-1.1440481,-0.8934781311,1
-0.08883272744,-2.481091417,1
1.156545707,-0.6913124463,1
-0.7969998979,-1.748861783,1
1.59793984,-1.628210309,1
-2.708513051,-1.077191051,0
3.566449827,0.8933367956,0
0.7196787849,0.4833212375,1
1.361005948,-3.107164359,0
1.850290456,-1.190952439,1
0.9093937614,-0.8406844167,1
3.13244464,2.96867982,0
-3.497399334,2.888428049,0
1.36864061,0.9514545067,1
-2.127070384,1.633985385,1
1.872806704,-2.87358065,0
2.766891497,-1.759685438,0
3.962459777,-0.6749116516,0
0.6557378552,-2.14909014,1
0.01304893496,1.011756121,1
-2.576085306,-2.717861858,0
-3.577891655,2.06449375,0
-0.5572345127,3.609735081,0
-3.988593066,3.399468662,0
3.662549127,0.9671131697,0
-1.011536923,-0.17919741,1
2.154329936,0.1496220028,1
0.5711114226,-3.518252436,0
3.443611668,-3.865566957,0
-1.648127045,2.239601082,1
-3.836235254,-0.8367669696,0
1.66920948,-2.359455766,0
2.808435697,-1.679056041,0
-1.488067638,2.570546797,0
1.092253997,2.929834941,0
2.287633861,3.668689481,0
0.6773540608,-1.458820352,1
0.2375722521,1.958789147,1
1.453556695,0.4476478928,1
2.105552094,2.978110191,0
-1.538423723,-2.314586204,0
-3.781463751,-0.2426996727,0
0.8353912994,1.297127204,1
2.388593514,-3.252462463,0
-2.648992822,0.6619540599,0
2.600865364,-1.76170735,0
-0.5316902114,3.068432182,0
-1.462890872,0.6261618469,1
2.929617076,0.136458136,0
2.450584192,3.370958706,0
-3.55304755,3.537895271,0
-0.7678113416,-1.476249163,1
0.8090401143,-1.302381521,1
-3.208663355,-0.1281680621,0
-3.467359187,1.379868578,0
-1.155284268,-0.8181884264,1
2.260134307,-1.494875681,0
0.2132900246,2.523129962,1
3.380324903,3.051887167,0
2.749306401,0.6344406648,0
1.361304141,-3.047629023,0
-3.347818712,0.7935047609,0
2.19696466,0.5926523168,1
-0.5884581304,-2.66843612,0
2.971445808,-2.397049664,0
2.788945743,0.08468454489,1
-0.7475111489,1.423895973,1
-3.406537115,1.611336448,0
-2.125559855,-2.36348195,0
-0.3780696405,-3.533442149,0
-2.671463861,-3.151241521,0
3.748861956,3.37253251,0
-2.268822454,-1.733805921,0
3.115255854,2.552309881,0
1.104246661,2.790863035,0
-3.343533409,3.211816383,0
-1.985833817,-0.9337798051,1
0.4284561955,2.204286317,1
-3.357567205,2.419844307,0
3.565673466,-3.045150022,0
3.888832957,0.8751563273,0
-0.9159187585,-0.9496814622,1
-1.446478005,-2.339358142,0
0.6060539236,-0.5757432492,1
0.04469216805,-1.083540747,1
-1.46848203,2.329312905,1
3.078729191,3.185436756,0
1.938412883,0.4515175295,1
2.768617196,-1.995144126,0
0.916843556,-0.6260397194,1
1.247972031,-3.661328065,0
1.101748456,2.553946232,0
-2.90848492,1.183478926,0
-1.529912527,1.077495792,1
-2.567886784,1.547155338,0
0.2370191669,-2.638054011,1
1.628764662,-0.1367013352,1
0.7728401835,2.98048811,0
-2.976830996,-1.881186662,0
-2.654809204,0.7958164423,0
-1.226157976,3.512948085,0
-3.729285626,-3.847285134,0
-3.359807457,3.935219814,0
0.46359473,-2.844560276,0
2.193620379,2.173596683,0
-1.253281633,-3.165772078,0
3.172595821,0.3945901537,0
-2.378806267,-0.2997599243,1
3.112892315,-0.4499032127,0
3.073173342,1.838788068,0
0.1367435521,-1.936506663,1
-3.340085361,3.960870441,0
-2.335274058,0.1561835162,1
-2.588640083,2.011902529,0
3.235709793,1.847095105,0
-0.5142326804,-2.061855771,1
-2.377670697,0.9680743261,1
-0.8703513494,2.574764865,0
-2.323848045,-0.9106894811,1
3.040032886,0.5087930844,0
2.117158491,2.267377989,0
-0.9375727253,-1.025540853,1
3.710321793,3.865804097,0
0.2573689415,-2.228309048,1
-1.512930384,-2.169219276,1
1.333702637,-0.1001493952,1
-1.964707383,-2.165659127,0
0.5042368762,-3.267746994,0
-1.812625544,-0.6494544121,1
1.820817068,3.411651269,0
-0.9044574564,0.3585511697,1
-3.53237511,0.6367733833,0
2.736723449,1.946419741,0
-2.564720707,-2.325791838,0
-0.0008958171139,-1.777262379,1
-2.80940145,2.432534714,0
2.958806123,-1.143893131,0
0.749276746,-1.43437568,1
3.671543788,-3.8930871,0
-3.072225859,-3.756420321,0
2.319911128,-0.1319734777,1
-1.902005932,-3.518110599,0
-2.963897858,-2.907179285,0
0.7203745443,1.416101781,1
-2.048536122,3.786644306,0
2.139429428,-0.06024605485,1
-1.577611537,-0.1767463761,1
-3.932913731,3.601471496,0
2.985710951,-3.802784105,0
3.954957761,-1.877854229,0
-2.929915204,1.538545916,0
-2.206496844,-1.491021965,1
-0.8782097662,2.023356332,1
-2.874540614,2.29899113,0
3.508174732,-3.934319879,0
0.1995004545,0.374430483,1
0.8784841966,1.847403648,1
-1.180613886,-0.9046340413,1
0.7542803476,-3.062990935,0
-1.209550985,-3.145179235,0
0.7790188893,1.690109284,1
2.78070836,0.8679579532,0
0.6927475603,-1.832841998,1
1.374738405,2.973320319,0
-0.2476695518,-0.07724741685,1
2.206243768,1.989895598,0
3.654185362,-3.181765407,0
-0.9633546818,-3.097065093,0
1.324288343,-1.788663356,1
0.8534307904,0.633049312,1
0.133227168,-1.66496434,1
3.470138918,1.791215546,0
1.711420848,3.869087399,0
0.3211755628,3.675982715,0
1.745344295,3.733500812,0
-1.61421528,-1.50752217,1
0.7187576492,0.7200363373,1
-1.702039293,1.65478791,1
3.937602987,1.07723129,0
-0.820534218,1.988046587,1
2.382460355,-3.446963789,0
0.6729693641,1.213104446,1
-2.367678647,0.2784478605,1
-1.221794082,-2.560892087,0
-2.413021833,-0.5278846738,1
3.757536887,-1.703316596,0
-3.103356191,0.1113277152,0
-1.445061776,-1.769189067,1
-0.5744707014,-3.07435801,0
1.465807994,2.376920685,0
-1.104887942,3.427223772,0
-2.569369688,2.030321695,0
-0.1382332882,-2.076667579,1
-3.844959853,0.2768445905,0
0.7963760398,0.9128287992,1
3.75873364,1.795601391,0
1.289553924,-1.073302152,1
-3.072446918,-2.287891551,0
1.969249181,1.333913172,1
3.313493807,0.8357340609,0
0.8768357929,3.125088011,0
3.547889915,-2.551402965,0
-1.28262348,1.058824962,1
2.680213429,0.4377004846,1
1.118654977,1.286054411,1
-2.269683447,-2.982675988,0
-3.034154173,1.757502928,0
2.572128792,-0.7614501364,1
2.813424142,-1.904687695,0
-3.596649919,0.2163531628,0
1.727132472,2.523320234,0
0.07512099971,-2.564009361,1
2.715626588,-3.121848888,0
-0.340434852,3.168544733,0
-1.162165321,-0.7333682732,1
0.5480417976,-3.905523855,0
3.407184711,1.820699874,0
-2.549503433,1.492986918,0
-3.628282403,-3.919531823,0
2.883003437,-1.782068077,0
3.46879229,0.2860176763,0
3.688011829,-1.812961716,0
0.2986441087,-1.61962457,1
-1.943460847,-2.075673477,0
-0.1784265999,-3.453456295,0
-3.734905464,-3.895037294,0
1.373035764,3.971967964,0
-1.620895957,-1.028644975,1
1.148491693,2.231001154,1
0.6105413229,2.458212943,1
-0.1004301395,-0.1986824789,1
1.576951715,2.04656612,1
1.593994686,0.01041530877,1
2.743634644,3.551466712,0
-0.06212102333,-3.005127683,0
-2.183020193,1.649321642,0
-2.520554824,-2.475536597,0
3.396420859,-1.99240496,0
-3.32791562,2.897154414,0
1.011705558,2.056049026,1
-1.439052062,2.275942949,0